recency,history,used_discount,used_bogo,zip_code,is_referral,channel,offer,conversion,history_discount,history_bogo,recency_history,recency_bin_0,recency_bin_1,recency_bin_2,treatment,uplift_score
2,29.99,1,0,Urban,0,Phone,No Offer,0,29.99,0.0,59.98,1.0,0.0,0.0,0,0.0
9,310.79,0,1,Urban,0,Phone,Discount,0,0.0,310.79,2797.11,0.0,0.0,1.0,1,0.0
2,89.31,1,0,Surburban,1,Web,Discount,0,89.31,0.0,178.62,1.0,0.0,0.0,1,0.0
2,457.22,0,1,Urban,0,Multichannel,Buy One Get One,0,0.0,457.22,914.44,1.0,0.0,0.0,1,0.0
2,29.99,0,1,Surburban,0,Phone,No Offer,0,0.0,29.99,59.98,1.0,0.0,0.0,0,0.0
8,405.03,1,0,Urban,0,Web,No Offer,1,405.03,0.0,3240.24,0.0,0.0,1.0,0,0.0
10,460.7,1,0,Urban,0,Multichannel,Buy One Get One,0,460.7,0.0,4607.0,0.0,0.0,1.0,1,0.0
3,236.2,1,1,Urban,0,Web,No Offer,0,236.2,236.2,708.5999999999999,0.0,1.0,0.0,0,0.0
9,55.08,1,0,Urban,1,Web,Buy One Get One,0,55.08,0.0,495.72,0.0,0.0,1.0,1,0.0
4,143.33,1,0,Urban,0,Phone,Discount,0,143.33,0.0,573.32,0.0,1.0,0.0,1,0.0
10,453.87,0,1,Urban,1,Multichannel,No Offer,0,0.0,453.87,4538.7,0.0,0.0,1.0,0,0.0
1,417.83,0,1,Surburban,0,Phone,Discount,0,0.0,417.83,417.83,1.0,0.0,0.0,1,0.0
4,88.41,1,0,Urban,1,Phone,Buy One Get One,0,88.41,0.0,353.64,0.0,1.0,0.0,1,0.0
3,150.78,0,1,Surburban,0,Phone,Buy One Get One,1,0.0,150.78,452.34,0.0,1.0,0.0,1,0.0
6,84.64,0,1,Urban,1,Web,No Offer,0,0.0,84.64,507.84,0.0,1.0,0.0,0,0.0
10,116.15,1,0,Surburban,0,Web,No Offer,0,116.15,0.0,1161.5,0.0,0.0,1.0,0,0.0
10,46.09,1,0,Urban,1,Phone,Buy One Get One,0,46.09,0.0,460.9,0.0,0.0,1.0,1,0.0
7,29.99,1,0,Surburban,1,Web,Buy One Get One,0,29.99,0.0,209.93,0.0,1.0,0.0,1,0.0
2,613.42,1,1,Urban,1,Web,No Offer,0,613.42,613.42,1226.84,1.0,0.0,0.0,0,0.0
12,239.61,0,1,Urban,1,Web,No Offer,0,0.0,239.61,2875.32,0.0,0.0,1.0,0,0.0
8,462.43,1,1,Surburban,0,Web,Buy One Get One,0,462.43,462.43,3699.44,0.0,0.0,1.0,1,0.0
3,687.51,1,0,Urban,1,Phone,Buy One Get One,0,687.51,0.0,2062.5299999999997,0.0,1.0,0.0,1,0.0
2,147.0,0,1,Rural,1,Phone,Buy One Get One,0,0.0,147.0,294.0,1.0,0.0,0.0,1,0.0
1,335.64,1,1,Urban,1,Phone,Buy One Get One,1,335.64,335.64,335.64,1.0,0.0,0.0,1,0.0
11,309.18,1,1,Urban,0,Web,Discount,0,309.18,309.18,3400.98,0.0,0.0,1.0,1,0.0
1,169.66,0,1,Rural,0,Web,Buy One Get One,1,0.0,169.66,169.66,1.0,0.0,0.0,1,0.0
5,413.5,1,0,Urban,0,Multichannel,Buy One Get One,0,413.5,0.0,2067.5,0.0,1.0,0.0,1,0.0
4,171.26,0,1,Surburban,1,Web,Buy One Get One,0,0.0,171.26,685.04,0.0,1.0,0.0,1,0.0
2,172.18,1,0,Surburban,0,Phone,Discount,0,172.18,0.0,344.36,1.0,0.0,0.0,1,0.0
11,151.73,0,1,Urban,0,Web,No Offer,0,0.0,151.73,1669.03,0.0,0.0,1.0,0,0.0
7,29.99,1,0,Urban,1,Phone,Discount,0,29.99,0.0,209.93,0.0,1.0,0.0,1,0.0
10,222.71,0,1,Urban,1,Multichannel,No Offer,0,0.0,222.71,2227.1,0.0,0.0,1.0,0,0.0
8,526.26,1,1,Surburban,1,Multichannel,No Offer,0,526.26,526.26,4210.08,0.0,0.0,1.0,0,0.0
6,356.2,1,1,Rural,0,Web,Buy One Get One,1,356.2,356.2,2137.2,0.0,1.0,0.0,1,0.0
7,35.68,1,0,Rural,1,Phone,No Offer,0,35.68,0.0,249.76,0.0,1.0,0.0,0,0.0
2,29.99,1,0,Urban,1,Web,No Offer,0,29.99,0.0,59.98,1.0,0.0,0.0,0,0.0
9,168.02,0,1,Surburban,0,Phone,No Offer,0,0.0,168.02,1512.18,0.0,0.0,1.0,0,0.0
7,133.58,1,0,Surburban,0,Phone,No Offer,0,133.58,0.0,935.06,0.0,1.0,0.0,0,0.0
8,61.46,1,0,Urban,1,Web,Discount,0,61.46,0.0,491.68,0.0,0.0,1.0,1,0.0
3,362.58,1,0,Surburban,0,Phone,Buy One Get One,0,362.58,0.0,1087.74,0.0,1.0,0.0,1,0.0
2,29.99,0,1,Urban,1,Web,No Offer,1,0.0,29.99,59.98,1.0,0.0,0.0,0,0.0
2,569.27,0,1,Urban,1,Web,Discount,0,0.0,569.27,1138.54,1.0,0.0,0.0,1,0.0
1,157.35,0,1,Surburban,0,Phone,No Offer,0,0.0,157.35,157.35,1.0,0.0,0.0,0,0.0
3,230.61,1,1,Surburban,1,Phone,No Offer,0,230.61,230.61,691.83,0.0,1.0,0.0,0,0.0
9,126.04,0,1,Urban,1,Web,No Offer,0,0.0,126.04,1134.36,0.0,0.0,1.0,0,0.0
12,134.01,0,1,Urban,0,Web,Buy One Get One,0,0.0,134.01,1608.12,0.0,0.0,1.0,1,0.0
10,40.52,0,1,Surburban,0,Web,Buy One Get One,0,0.0,40.52,405.2000000000001,0.0,0.0,1.0,1,0.0
11,33.39,0,1,Rural,1,Phone,Buy One Get One,0,0.0,33.39,367.29,0.0,0.0,1.0,1,0.0
9,214.18,1,0,Urban,0,Web,No Offer,0,214.18,0.0,1927.62,0.0,0.0,1.0,0,0.0
1,81.68,0,1,Urban,0,Phone,Buy One Get One,0,0.0,81.68,81.68,1.0,0.0,0.0,1,0.0
9,86.21,0,1,Rural,0,Web,Discount,0,0.0,86.21,775.89,0.0,0.0,1.0,1,0.0
9,407.24,0,1,Surburban,0,Phone,Buy One Get One,0,0.0,407.24,3665.16,0.0,0.0,1.0,1,0.0
8,105.25,0,1,Urban,1,Phone,Buy One Get One,0,0.0,105.25,842.0,0.0,0.0,1.0,1,0.0
4,929.49,0,1,Urban,1,Phone,Discount,0,0.0,929.49,3717.96,0.0,1.0,0.0,1,0.0
9,995.17,1,0,Urban,1,Web,Buy One Get One,0,995.17,0.0,8956.529999999999,0.0,0.0,1.0,1,0.0
2,199.97,0,1,Surburban,0,Phone,Discount,0,0.0,199.97,399.94,1.0,0.0,0.0,1,0.0
2,533.13,0,1,Surburban,1,Phone,Discount,1,0.0,533.13,1066.26,1.0,0.0,0.0,1,0.0
2,264.08,1,0,Rural,0,Multichannel,Discount,1,264.08,0.0,528.16,1.0,0.0,0.0,1,0.0
2,123.8,1,0,Rural,0,Phone,Buy One Get One,0,123.8,0.0,247.6,1.0,0.0,0.0,1,0.0
9,295.99,1,1,Surburban,0,Phone,Discount,0,295.99,295.99,2663.91,0.0,0.0,1.0,1,0.0
7,140.97,0,1,Urban,0,Phone,No Offer,0,0.0,140.97,986.79,0.0,1.0,0.0,0,0.0
9,83.99,1,0,Surburban,1,Phone,Discount,0,83.99,0.0,755.91,0.0,0.0,1.0,1,0.0
1,29.99,0,1,Rural,0,Web,No Offer,0,0.0,29.99,29.99,1.0,0.0,0.0,0,0.0
10,145.73,0,1,Urban,1,Phone,No Offer,0,0.0,145.73,1457.3,0.0,0.0,1.0,0,0.0
6,29.99,1,0,Urban,1,Phone,No Offer,0,29.99,0.0,179.94,0.0,1.0,0.0,0,0.0
10,438.73,0,1,Urban,0,Phone,Discount,1,0.0,438.73,4387.3,0.0,0.0,1.0,1,0.0
4,974.25,1,0,Urban,1,Multichannel,Buy One Get One,0,974.25,0.0,3897.0,0.0,1.0,0.0,1,0.0
10,116.21,0,1,Surburban,0,Web,No Offer,0,0.0,116.21,1162.1,0.0,0.0,1.0,0,0.0
10,718.58,0,1,Urban,1,Web,Buy One Get One,0,0.0,718.58,7185.8,0.0,0.0,1.0,1,0.0
12,113.19,1,0,Surburban,1,Web,No Offer,0,113.19,0.0,1358.28,0.0,0.0,1.0,0,0.0
3,142.47,0,1,Surburban,1,Phone,Discount,0,0.0,142.47,427.41,0.0,1.0,0.0,1,0.0
11,213.08,0,1,Surburban,1,Web,No Offer,1,0.0,213.08,2343.88,0.0,0.0,1.0,0,0.0
1,428.99,1,0,Surburban,0,Multichannel,No Offer,0,428.99,0.0,428.99,1.0,0.0,0.0,0,0.0
2,395.8,1,0,Urban,0,Web,Buy One Get One,1,395.8,0.0,791.6,1.0,0.0,0.0,1,0.0
9,29.99,0,1,Urban,1,Phone,Buy One Get One,0,0.0,29.99,269.90999999999997,0.0,0.0,1.0,1,0.0
2,285.27,0,1,Surburban,1,Phone,Buy One Get One,0,0.0,285.27,570.54,1.0,0.0,0.0,1,0.0
1,380.93,0,1,Urban,0,Web,No Offer,0,0.0,380.93,380.93,1.0,0.0,0.0,0,0.0
11,287.49,1,0,Urban,1,Web,Discount,0,287.49,0.0,3162.3900000000003,0.0,0.0,1.0,1,0.0
3,894.47,1,1,Urban,1,Web,Buy One Get One,0,894.47,894.47,2683.41,0.0,1.0,0.0,1,0.0
4,879.55,0,1,Surburban,1,Multichannel,No Offer,0,0.0,879.55,3518.2,0.0,1.0,0.0,0,0.0
6,250.11,0,1,Surburban,0,Phone,No Offer,1,0.0,250.11,1500.66,0.0,1.0,0.0,0,0.0
10,457.72,1,0,Surburban,0,Multichannel,Buy One Get One,0,457.72,0.0,4577.200000000001,0.0,0.0,1.0,1,0.0
11,29.99,0,1,Surburban,0,Phone,Discount,1,0.0,29.99,329.89,0.0,0.0,1.0,1,0.0
3,53.02,1,0,Urban,0,Phone,Discount,0,53.02,0.0,159.06,0.0,1.0,0.0,1,0.0
4,257.6,0,1,Urban,1,Multichannel,No Offer,0,0.0,257.6,1030.4,0.0,1.0,0.0,0,0.0
10,182.25,0,1,Urban,1,Phone,No Offer,0,0.0,182.25,1822.5,0.0,0.0,1.0,0,0.0
9,393.59,0,1,Urban,0,Web,Buy One Get One,1,0.0,393.59,3542.31,0.0,0.0,1.0,1,0.0
1,1148.16,1,1,Urban,1,Phone,Buy One Get One,0,1148.16,1148.16,1148.16,1.0,0.0,0.0,1,0.0
2,29.99,1,0,Urban,0,Phone,No Offer,0,29.99,0.0,59.98,1.0,0.0,0.0,0,0.0
9,157.99,0,1,Surburban,0,Phone,Discount,1,0.0,157.99,1421.91,0.0,0.0,1.0,1,0.0
9,29.99,1,0,Surburban,1,Web,Buy One Get One,0,29.99,0.0,269.90999999999997,0.0,0.0,1.0,1,0.0
4,46.94,1,0,Rural,1,Web,No Offer,0,46.94,0.0,187.76,0.0,1.0,0.0,0,0.0
3,98.91,0,1,Surburban,1,Web,Discount,0,0.0,98.91,296.73,0.0,1.0,0.0,1,0.0
6,593.09,1,1,Surburban,1,Phone,No Offer,0,593.09,593.09,3558.54,0.0,1.0,0.0,0,0.0
6,37.82,1,0,Urban,1,Phone,Discount,0,37.82,0.0,226.92,0.0,1.0,0.0,1,0.0
10,35.05,1,0,Surburban,0,Phone,Discount,0,35.05,0.0,350.5,0.0,0.0,1.0,1,0.0
5,515.93,0,1,Surburban,1,Multichannel,Discount,0,0.0,515.93,2579.6499999999996,0.0,1.0,0.0,1,0.0
1,128.0,1,0,Surburban,1,Phone,No Offer,0,128.0,0.0,128.0,1.0,0.0,0.0,0,0.0
1,382.24,1,0,Surburban,1,Web,Buy One Get One,1,382.24,0.0,382.24,1.0,0.0,0.0,1,0.0
2,198.87,0,1,Surburban,0,Phone,No Offer,0,0.0,198.87,397.74,1.0,0.0,0.0,0,0.0
2,29.99,0,1,Surburban,1,Phone,Buy One Get One,1,0.0,29.99,59.98,1.0,0.0,0.0,1,0.0
10,114.82,0,1,Surburban,0,Phone,Buy One Get One,0,0.0,114.82,1148.1999999999998,0.0,0.0,1.0,1,0.0
1,740.41,0,1,Surburban,1,Web,Discount,0,0.0,740.41,740.41,1.0,0.0,0.0,1,0.0
1,731.39,1,1,Surburban,1,Web,No Offer,0,731.39,731.39,731.39,1.0,0.0,0.0,0,0.0
1,46.8,0,1,Urban,1,Web,Discount,0,0.0,46.8,46.8,1.0,0.0,0.0,1,0.0
5,193.18,0,1,Urban,0,Phone,No Offer,0,0.0,193.18,965.9,0.0,1.0,0.0,0,0.0
10,463.43,1,0,Urban,0,Multichannel,Discount,0,463.43,0.0,4634.3,0.0,0.0,1.0,1,0.0
10,147.95,1,0,Urban,1,Phone,No Offer,0,147.95,0.0,1479.5,0.0,0.0,1.0,0,0.0
1,170.16,0,1,Urban,0,Phone,No Offer,1,0.0,170.16,170.16,1.0,0.0,0.0,0,0.0
1,397.35,1,1,Surburban,0,Multichannel,No Offer,0,397.35,397.35,397.35,1.0,0.0,0.0,0,0.0
8,32.45,1,0,Rural,1,Phone,No Offer,0,32.45,0.0,259.6,0.0,0.0,1.0,0,0.0
10,169.05,0,1,Surburban,1,Phone,Buy One Get One,0,0.0,169.05,1690.5,0.0,0.0,1.0,1,0.0
1,116.22,0,1,Surburban,0,Phone,Buy One Get One,1,0.0,116.22,116.22,1.0,0.0,0.0,1,0.0
10,48.71,1,0,Urban,1,Phone,No Offer,0,48.71,0.0,487.1,0.0,0.0,1.0,0,0.0
4,1011.91,1,1,Urban,1,Web,Discount,0,1011.91,1011.91,4047.64,0.0,1.0,0.0,1,0.0
1,651.22,0,1,Rural,1,Phone,No Offer,0,0.0,651.22,651.22,1.0,0.0,0.0,0,0.0
3,82.61,0,1,Urban,0,Phone,Discount,1,0.0,82.61,247.83,0.0,1.0,0.0,1,0.0
3,165.66,0,1,Surburban,0,Web,No Offer,0,0.0,165.66,496.98,0.0,1.0,0.0,0,0.0
2,80.13,1,0,Surburban,1,Phone,No Offer,0,80.13,0.0,160.26,1.0,0.0,0.0,0,0.0
9,29.99,0,1,Rural,1,Web,Discount,1,0.0,29.99,269.90999999999997,0.0,0.0,1.0,1,0.0
1,86.95,0,1,Surburban,0,Phone,Discount,1,0.0,86.95,86.95,1.0,0.0,0.0,1,0.0
6,72.54,0,1,Rural,0,Web,Buy One Get One,0,0.0,72.54,435.24,0.0,1.0,0.0,1,0.0
6,29.99,0,1,Urban,1,Phone,Buy One Get One,0,0.0,29.99,179.94,0.0,1.0,0.0,1,0.0
5,121.99,0,1,Surburban,1,Web,No Offer,0,0.0,121.99,609.9499999999999,0.0,1.0,0.0,0,0.0
4,255.7,1,0,Urban,1,Phone,Discount,1,255.7,0.0,1022.8,0.0,1.0,0.0,1,0.0
3,176.22,1,0,Urban,1,Web,Discount,0,176.22,0.0,528.66,0.0,1.0,0.0,1,0.0
1,317.65,1,0,Urban,0,Multichannel,Discount,0,317.65,0.0,317.65,1.0,0.0,0.0,1,0.0
10,29.99,1,0,Surburban,1,Web,Buy One Get One,0,29.99,0.0,299.9,0.0,0.0,1.0,1,0.0
6,29.99,0,1,Urban,0,Phone,Discount,0,0.0,29.99,179.94,0.0,1.0,0.0,1,0.0
1,349.83,0,1,Surburban,1,Phone,Discount,0,0.0,349.83,349.83,1.0,0.0,0.0,1,0.0
10,408.91,0,1,Urban,0,Web,Discount,0,0.0,408.91,4089.1,0.0,0.0,1.0,1,0.0
3,187.36,1,0,Surburban,0,Web,No Offer,0,187.36,0.0,562.08,0.0,1.0,0.0,0,0.0
3,114.65,0,1,Urban,1,Web,Discount,0,0.0,114.65,343.95000000000005,0.0,1.0,0.0,1,0.0
1,354.42,0,1,Urban,0,Phone,No Offer,0,0.0,354.42,354.42,1.0,0.0,0.0,0,0.0
6,111.27,1,0,Surburban,0,Phone,Discount,0,111.27,0.0,667.62,0.0,1.0,0.0,1,0.0
1,226.35,1,0,Surburban,0,Web,Discount,0,226.35,0.0,226.35,1.0,0.0,0.0,1,0.0
10,86.47,1,0,Urban,1,Web,Discount,0,86.47,0.0,864.7,0.0,0.0,1.0,1,0.0
1,895.43,0,1,Surburban,1,Web,Buy One Get One,0,0.0,895.43,895.43,1.0,0.0,0.0,1,0.0
7,353.94,1,0,Surburban,1,Phone,No Offer,0,353.94,0.0,2477.58,0.0,1.0,0.0,0,0.0
3,342.64,0,1,Surburban,0,Phone,No Offer,0,0.0,342.64,1027.92,0.0,1.0,0.0,0,0.0
1,348.0,1,1,Urban,1,Web,Buy One Get One,0,348.0,348.0,348.0,1.0,0.0,0.0,1,0.0
9,29.99,1,0,Surburban,0,Web,Discount,0,29.99,0.0,269.90999999999997,0.0,0.0,1.0,1,0.0
10,29.99,1,0,Urban,1,Phone,Discount,0,29.99,0.0,299.9,0.0,0.0,1.0,1,0.0
11,55.85,1,0,Urban,0,Web,No Offer,1,55.85,0.0,614.35,0.0,0.0,1.0,0,0.0
4,67.53,1,0,Urban,1,Phone,Discount,0,67.53,0.0,270.12,0.0,1.0,0.0,1,0.0
4,276.48,1,1,Surburban,0,Multichannel,Discount,0,276.48,276.48,1105.92,0.0,1.0,0.0,1,0.0
1,248.63,1,0,Surburban,0,Phone,Buy One Get One,0,248.63,0.0,248.63,1.0,0.0,0.0,1,0.0
3,29.99,0,1,Surburban,1,Phone,Discount,0,0.0,29.99,89.97,0.0,1.0,0.0,1,0.0
7,29.99,0,1,Surburban,0,Web,Discount,0,0.0,29.99,209.93,0.0,1.0,0.0,1,0.0
9,664.92,1,0,Urban,1,Web,Buy One Get One,0,664.92,0.0,5984.28,0.0,0.0,1.0,1,0.0
1,536.81,1,1,Surburban,1,Web,No Offer,0,536.81,536.81,536.81,1.0,0.0,0.0,0,0.0
1,214.34,0,1,Surburban,1,Web,Buy One Get One,0,0.0,214.34,214.34,1.0,0.0,0.0,1,0.0
11,43.17,1,0,Urban,0,Web,Discount,0,43.17,0.0,474.87,0.0,0.0,1.0,1,0.0
7,238.58,1,1,Surburban,1,Phone,No Offer,1,238.58,238.58,1670.0600000000002,0.0,1.0,0.0,0,0.0
11,29.99,1,0,Surburban,1,Web,Buy One Get One,0,29.99,0.0,329.89,0.0,0.0,1.0,1,0.0
9,144.12,0,1,Urban,1,Phone,Buy One Get One,0,0.0,144.12,1297.08,0.0,0.0,1.0,1,0.0
1,547.69,1,1,Rural,1,Multichannel,No Offer,1,547.69,547.69,547.69,1.0,0.0,0.0,0,0.0
9,198.42,0,1,Surburban,1,Web,Buy One Get One,0,0.0,198.42,1785.78,0.0,0.0,1.0,1,0.0
2,78.5,0,1,Rural,1,Phone,Buy One Get One,0,0.0,78.5,157.0,1.0,0.0,0.0,1,0.0
5,122.05,0,1,Rural,0,Web,Buy One Get One,0,0.0,122.05,610.25,0.0,1.0,0.0,1,0.0
12,63.28,1,0,Urban,1,Phone,Discount,0,63.28,0.0,759.36,0.0,0.0,1.0,1,0.0
4,68.2,1,0,Surburban,1,Web,Buy One Get One,0,68.2,0.0,272.8,0.0,1.0,0.0,1,0.0
8,57.85,0,1,Surburban,1,Web,Discount,0,0.0,57.85,462.8,0.0,0.0,1.0,1,0.0
9,36.87,1,0,Urban,1,Web,Buy One Get One,0,36.87,0.0,331.83,0.0,0.0,1.0,1,0.0
1,29.99,0,1,Surburban,0,Phone,Discount,1,0.0,29.99,29.99,1.0,0.0,0.0,1,0.0
10,417.27,0,1,Urban,0,Multichannel,No Offer,0,0.0,417.27,4172.7,0.0,0.0,1.0,0,0.0
6,209.47,1,0,Urban,1,Web,No Offer,0,209.47,0.0,1256.82,0.0,1.0,0.0,0,0.0
9,126.64,1,0,Surburban,1,Web,No Offer,0,126.64,0.0,1139.76,0.0,0.0,1.0,0,0.0
1,983.95,1,0,Urban,1,Multichannel,Buy One Get One,0,983.95,0.0,983.95,1.0,0.0,0.0,1,0.0
4,416.86,1,0,Rural,1,Web,Buy One Get One,0,416.86,0.0,1667.44,0.0,1.0,0.0,1,0.0
9,350.18,1,0,Urban,1,Phone,No Offer,0,350.18,0.0,3151.62,0.0,0.0,1.0,0,0.0
5,134.29,1,0,Surburban,0,Phone,Discount,0,134.29,0.0,671.4499999999999,0.0,1.0,0.0,1,0.0
9,365.0,1,1,Urban,0,Web,Buy One Get One,0,365.0,365.0,3285.0,0.0,0.0,1.0,1,0.0
1,357.01,1,0,Urban,0,Phone,No Offer,0,357.01,0.0,357.01,1.0,0.0,0.0,0,0.0
8,177.43,0,1,Surburban,1,Phone,No Offer,0,0.0,177.43,1419.44,0.0,0.0,1.0,0,0.0
10,29.99,0,1,Urban,1,Phone,No Offer,0,0.0,29.99,299.9,0.0,0.0,1.0,0,0.0
5,250.74,0,1,Surburban,0,Phone,Buy One Get One,0,0.0,250.74,1253.7,0.0,1.0,0.0,1,0.0
3,111.04,0,1,Urban,0,Phone,Discount,0,0.0,111.04,333.12,0.0,1.0,0.0,1,0.0
1,474.5,0,1,Surburban,0,Phone,Discount,0,0.0,474.5,474.5,1.0,0.0,0.0,1,0.0
10,122.79,1,0,Rural,1,Phone,Discount,0,122.79,0.0,1227.9,0.0,0.0,1.0,1,0.0
8,61.84,0,1,Surburban,1,Phone,Discount,0,0.0,61.84,494.72,0.0,0.0,1.0,1,0.0
5,127.59,0,1,Surburban,1,Web,Buy One Get One,0,0.0,127.59,637.95,0.0,1.0,0.0,1,0.0
1,519.9,0,1,Urban,1,Multichannel,No Offer,1,0.0,519.9,519.9,1.0,0.0,0.0,0,0.0
7,481.76,1,0,Urban,0,Phone,Discount,1,481.76,0.0,3372.3199999999997,0.0,1.0,0.0,1,0.0
9,659.09,0,1,Urban,1,Phone,No Offer,0,0.0,659.09,5931.81,0.0,0.0,1.0,0,0.0
7,30.37,0,1,Surburban,0,Phone,No Offer,0,0.0,30.37,212.59,0.0,1.0,0.0,0,0.0
6,274.9,0,1,Surburban,1,Multichannel,No Offer,0,0.0,274.9,1649.4,0.0,1.0,0.0,0,0.0
10,184.02,0,1,Urban,0,Web,Discount,0,0.0,184.02,1840.2,0.0,0.0,1.0,1,0.0
3,325.18,1,0,Urban,0,Web,No Offer,0,325.18,0.0,975.54,0.0,1.0,0.0,0,0.0
9,139.38,1,0,Rural,0,Phone,No Offer,0,139.38,0.0,1254.42,0.0,0.0,1.0,0,0.0
10,435.66,0,1,Surburban,0,Web,Buy One Get One,1,0.0,435.66,4356.6,0.0,0.0,1.0,1,0.0
2,871.53,0,1,Rural,1,Multichannel,Buy One Get One,1,0.0,871.53,1743.06,1.0,0.0,0.0,1,0.0
2,657.55,1,0,Surburban,1,Phone,Discount,0,657.55,0.0,1315.1,1.0,0.0,0.0,1,0.0
10,52.59,0,1,Urban,1,Web,Buy One Get One,0,0.0,52.59,525.9000000000001,0.0,0.0,1.0,1,0.0
5,29.99,0,1,Urban,0,Web,Discount,0,0.0,29.99,149.95,0.0,1.0,0.0,1,0.0
10,117.11,1,0,Surburban,1,Web,Buy One Get One,0,117.11,0.0,1171.1,0.0,0.0,1.0,1,0.0
8,290.75,1,1,Surburban,1,Phone,Discount,0,290.75,290.75,2326.0,0.0,0.0,1.0,1,0.0
8,235.29,1,0,Surburban,0,Web,Discount,0,235.29,0.0,1882.32,0.0,0.0,1.0,1,0.0
7,1194.15,0,1,Urban,1,Multichannel,Discount,0,0.0,1194.15,8359.050000000001,0.0,1.0,0.0,1,0.0
7,481.56,1,0,Surburban,0,Web,Discount,0,481.56,0.0,3370.92,0.0,1.0,0.0,1,0.0
1,780.21,0,1,Surburban,1,Web,Discount,1,0.0,780.21,780.21,1.0,0.0,0.0,1,0.0
6,60.63,1,0,Rural,0,Phone,Buy One Get One,0,60.63,0.0,363.78,0.0,1.0,0.0,1,0.0
9,39.68,0,1,Surburban,1,Phone,No Offer,0,0.0,39.68,357.12,0.0,0.0,1.0,0,0.0
12,172.03,0,1,Surburban,1,Web,No Offer,0,0.0,172.03,2064.36,0.0,0.0,1.0,0,0.0
5,377.0,1,0,Urban,1,Web,No Offer,0,377.0,0.0,1885.0,0.0,1.0,0.0,0,0.0
5,238.43,1,1,Urban,1,Multichannel,No Offer,0,238.43,238.43,1192.15,0.0,1.0,0.0,0,0.0
6,97.61,1,0,Rural,0,Web,Discount,1,97.61,0.0,585.66,0.0,1.0,0.0,1,0.0
1,29.99,0,1,Surburban,0,Phone,No Offer,0,0.0,29.99,29.99,1.0,0.0,0.0,0,0.0
4,37.69,0,1,Urban,1,Web,No Offer,0,0.0,37.69,150.76,0.0,1.0,0.0,0,0.0
8,1171.63,0,1,Surburban,1,Phone,No Offer,0,0.0,1171.63,9373.04,0.0,0.0,1.0,0,0.0
10,266.73,0,1,Surburban,1,Web,No Offer,0,0.0,266.73,2667.3,0.0,0.0,1.0,0,0.0
1,170.04,0,1,Rural,0,Phone,Discount,0,0.0,170.04,170.04,1.0,0.0,0.0,1,0.0
6,67.41,0,1,Urban,0,Phone,Buy One Get One,1,0.0,67.41,404.46,0.0,1.0,0.0,1,0.0
10,395.8,0,1,Urban,0,Web,No Offer,0,0.0,395.8,3958.0,0.0,0.0,1.0,0,0.0
11,97.14,0,1,Urban,0,Phone,Discount,0,0.0,97.14,1068.54,0.0,0.0,1.0,1,0.0
10,847.34,1,0,Urban,1,Phone,Discount,1,847.34,0.0,8473.4,0.0,0.0,1.0,1,0.0
1,231.74,0,1,Surburban,0,Web,Discount,0,0.0,231.74,231.74,1.0,0.0,0.0,1,0.0
10,97.28,1,0,Surburban,1,Web,Discount,0,97.28,0.0,972.8,0.0,0.0,1.0,1,0.0
4,859.85,0,1,Urban,1,Web,Buy One Get One,0,0.0,859.85,3439.4,0.0,1.0,0.0,1,0.0
3,284.41,0,1,Urban,1,Phone,Discount,1,0.0,284.41,853.23,0.0,1.0,0.0,1,0.0
5,29.99,1,0,Surburban,1,Web,Buy One Get One,0,29.99,0.0,149.95,0.0,1.0,0.0,1,0.0
1,29.99,0,1,Surburban,1,Web,Discount,0,0.0,29.99,29.99,1.0,0.0,0.0,1,0.0
9,29.99,0,1,Surburban,1,Web,Discount,0,0.0,29.99,269.90999999999997,0.0,0.0,1.0,1,0.0
9,155.39,0,1,Rural,0,Web,Discount,0,0.0,155.39,1398.5099999999998,0.0,0.0,1.0,1,0.0
3,40.22,1,0,Urban,1,Web,Buy One Get One,0,40.22,0.0,120.66,0.0,1.0,0.0,1,0.0
10,33.41,1,0,Urban,0,Web,No Offer,0,33.41,0.0,334.09999999999997,0.0,0.0,1.0,0,0.0
2,227.67,1,1,Surburban,1,Web,Discount,1,227.67,227.67,455.34,1.0,0.0,0.0,1,0.0
1,243.72,1,0,Urban,1,Multichannel,Discount,0,243.72,0.0,243.72,1.0,0.0,0.0,1,0.0
1,126.67,1,0,Surburban,1,Web,No Offer,0,126.67,0.0,126.67,1.0,0.0,0.0,0,0.0
7,53.06,1,0,Rural,1,Web,Discount,0,53.06,0.0,371.42,0.0,1.0,0.0,1,0.0
1,79.03,0,1,Surburban,0,Phone,Buy One Get One,0,0.0,79.03,79.03,1.0,0.0,0.0,1,0.0
10,29.99,0,1,Rural,1,Phone,Discount,0,0.0,29.99,299.9,0.0,0.0,1.0,1,0.0
1,281.07,1,1,Urban,0,Web,No Offer,0,281.07,281.07,281.07,1.0,0.0,0.0,0,0.0
11,136.56,1,0,Surburban,0,Web,No Offer,0,136.56,0.0,1502.16,0.0,0.0,1.0,0,0.0
1,1466.51,1,1,Surburban,1,Multichannel,No Offer,0,1466.51,1466.51,1466.51,1.0,0.0,0.0,0,0.0
3,213.96,1,0,Urban,0,Web,Discount,1,213.96,0.0,641.88,0.0,1.0,0.0,1,0.0
6,475.2,1,0,Urban,1,Multichannel,Buy One Get One,0,475.2,0.0,2851.2,0.0,1.0,0.0,1,0.0
9,29.99,1,0,Surburban,1,Web,Discount,0,29.99,0.0,269.90999999999997,0.0,0.0,1.0,1,0.0
5,144.96,0,1,Urban,0,Web,No Offer,0,0.0,144.96,724.8000000000001,0.0,1.0,0.0,0,0.0
6,33.14,0,1,Urban,1,Phone,Buy One Get One,0,0.0,33.14,198.84,0.0,1.0,0.0,1,0.0
4,438.7,0,1,Surburban,0,Phone,Discount,0,0.0,438.7,1754.8,0.0,1.0,0.0,1,0.0
11,359.67,1,0,Surburban,0,Web,Buy One Get One,1,359.67,0.0,3956.37,0.0,0.0,1.0,1,0.0
3,59.17,0,1,Surburban,1,Phone,No Offer,0,0.0,59.17,177.51,0.0,1.0,0.0,0,0.0
9,236.86,1,1,Surburban,1,Multichannel,Buy One Get One,0,236.86,236.86,2131.74,0.0,0.0,1.0,1,0.0
11,50.71,0,1,Urban,1,Web,Buy One Get One,0,0.0,50.71,557.8100000000001,0.0,0.0,1.0,1,0.0
4,246.71,1,0,Urban,1,Web,Buy One Get One,1,246.71,0.0,986.84,0.0,1.0,0.0,1,0.0
10,341.7,1,0,Surburban,0,Multichannel,Buy One Get One,0,341.7,0.0,3417.0,0.0,0.0,1.0,1,0.0
4,216.76,0,1,Urban,0,Multichannel,No Offer,0,0.0,216.76,867.04,0.0,1.0,0.0,0,0.0
5,349.11,1,1,Urban,0,Web,No Offer,0,349.11,349.11,1745.5500000000002,0.0,1.0,0.0,0,0.0
6,188.24,1,0,Urban,0,Phone,Buy One Get One,0,188.24,0.0,1129.44,0.0,1.0,0.0,1,0.0
4,29.99,1,0,Rural,0,Phone,Buy One Get One,0,29.99,0.0,119.96,0.0,1.0,0.0,1,0.0
10,138.06,1,0,Urban,0,Web,Buy One Get One,0,138.06,0.0,1380.6,0.0,0.0,1.0,1,0.0
2,460.63,1,0,Surburban,0,Phone,Buy One Get One,1,460.63,0.0,921.26,1.0,0.0,0.0,1,0.0
4,647.92,0,1,Surburban,1,Phone,No Offer,0,0.0,647.92,2591.68,0.0,1.0,0.0,0,0.0
1,214.11,1,0,Rural,0,Web,Buy One Get One,0,214.11,0.0,214.11,1.0,0.0,0.0,1,0.0
2,114.65,1,0,Surburban,1,Phone,Discount,0,114.65,0.0,229.3,1.0,0.0,0.0,1,0.0
8,229.45,1,1,Urban,1,Multichannel,No Offer,0,229.45,229.45,1835.6,0.0,0.0,1.0,0,0.0
5,427.44,1,0,Surburban,0,Web,Buy One Get One,1,427.44,0.0,2137.2,0.0,1.0,0.0,1,0.0
7,131.17,0,1,Surburban,0,Web,Buy One Get One,0,0.0,131.17,918.19,0.0,1.0,0.0,1,0.0
2,29.99,0,1,Urban,0,Web,Buy One Get One,0,0.0,29.99,59.98,1.0,0.0,0.0,1,0.0
2,341.33,0,1,Urban,0,Web,Buy One Get One,0,0.0,341.33,682.66,1.0,0.0,0.0,1,0.0
1,1428.71,1,1,Urban,1,Web,Buy One Get One,1,1428.71,1428.71,1428.71,1.0,0.0,0.0,1,0.0
1,151.25,1,0,Urban,0,Web,Discount,0,151.25,0.0,151.25,1.0,0.0,0.0,1,0.0
1,233.58,1,0,Surburban,1,Phone,Buy One Get One,0,233.58,0.0,233.58,1.0,0.0,0.0,1,0.0
2,89.86,1,0,Urban,0,Web,No Offer,0,89.86,0.0,179.72,1.0,0.0,0.0,0,0.0
2,128.11,1,0,Surburban,0,Phone,Discount,0,128.11,0.0,256.22,1.0,0.0,0.0,1,0.0
6,29.99,1,0,Urban,1,Web,Buy One Get One,0,29.99,0.0,179.94,0.0,1.0,0.0,1,0.0
1,284.93,0,1,Urban,0,Web,Buy One Get One,0,0.0,284.93,284.93,1.0,0.0,0.0,1,0.0
11,35.02,1,0,Urban,0,Web,No Offer,0,35.02,0.0,385.22,0.0,0.0,1.0,0,0.0
10,397.43,1,0,Surburban,1,Phone,No Offer,0,397.43,0.0,3974.3,0.0,0.0,1.0,0,0.0
8,229.27,1,1,Urban,1,Web,Buy One Get One,0,229.27,229.27,1834.16,0.0,0.0,1.0,1,0.0
2,29.99,1,0,Urban,0,Phone,Discount,1,29.99,0.0,59.98,1.0,0.0,0.0,1,0.0
10,92.46,0,1,Urban,0,Phone,No Offer,0,0.0,92.46,924.6,0.0,0.0,1.0,0,0.0
6,284.01,0,1,Rural,0,Phone,Buy One Get One,0,0.0,284.01,1704.06,0.0,1.0,0.0,1,0.0
1,716.17,0,1,Urban,1,Phone,Buy One Get One,0,0.0,716.17,716.17,1.0,0.0,0.0,1,0.0
5,55.06,0,1,Urban,0,Web,Discount,0,0.0,55.06,275.3,0.0,1.0,0.0,1,0.0
4,239.16,0,1,Urban,0,Web,Buy One Get One,0,0.0,239.16,956.64,0.0,1.0,0.0,1,0.0
1,106.62,1,0,Rural,1,Phone,No Offer,0,106.62,0.0,106.62,1.0,0.0,0.0,0,0.0
1,1166.4,1,0,Urban,1,Multichannel,Discount,0,1166.4,0.0,1166.4,1.0,0.0,0.0,1,0.0
6,195.01,0,1,Urban,0,Phone,Discount,0,0.0,195.01,1170.06,0.0,1.0,0.0,1,0.0
3,479.71,1,1,Rural,0,Web,Discount,0,479.71,479.71,1439.13,0.0,1.0,0.0,1,0.0
6,409.48,1,0,Surburban,0,Phone,Discount,0,409.48,0.0,2456.88,0.0,1.0,0.0,1,0.0
1,376.5,1,0,Surburban,0,Phone,No Offer,0,376.5,0.0,376.5,1.0,0.0,0.0,0,0.0
10,267.69,0,1,Urban,1,Phone,No Offer,0,0.0,267.69,2676.9,0.0,0.0,1.0,0,0.0
2,68.69,0,1,Surburban,0,Web,Discount,0,0.0,68.69,137.38,1.0,0.0,0.0,1,0.0
4,967.85,0,1,Surburban,1,Phone,Buy One Get One,0,0.0,967.85,3871.4,0.0,1.0,0.0,1,0.0
1,142.35,1,0,Surburban,1,Phone,No Offer,0,142.35,0.0,142.35,1.0,0.0,0.0,0,0.0
2,101.64,0,1,Urban,0,Web,Discount,1,0.0,101.64,203.28,1.0,0.0,0.0,1,0.0
1,192.04,0,1,Surburban,1,Web,No Offer,0,0.0,192.04,192.04,1.0,0.0,0.0,0,0.0
2,321.69,1,0,Urban,0,Phone,Buy One Get One,0,321.69,0.0,643.38,1.0,0.0,0.0,1,0.0
1,301.74,0,1,Surburban,1,Web,Buy One Get One,1,0.0,301.74,301.74,1.0,0.0,0.0,1,0.0
10,466.25,0,1,Urban,0,Phone,No Offer,0,0.0,466.25,4662.5,0.0,0.0,1.0,0,0.0
7,110.33,0,1,Surburban,1,Web,Discount,0,0.0,110.33,772.31,0.0,1.0,0.0,1,0.0
10,29.99,0,1,Surburban,0,Web,No Offer,0,0.0,29.99,299.9,0.0,0.0,1.0,0,0.0
8,47.0,0,1,Surburban,0,Web,Discount,0,0.0,47.0,376.0,0.0,0.0,1.0,1,0.0
1,1481.74,1,1,Surburban,1,Phone,No Offer,0,1481.74,1481.74,1481.74,1.0,0.0,0.0,0,0.0
7,289.48,1,0,Surburban,0,Phone,Discount,0,289.48,0.0,2026.36,0.0,1.0,0.0,1,0.0
8,143.47,1,0,Surburban,1,Phone,No Offer,0,143.47,0.0,1147.76,0.0,0.0,1.0,0,0.0
4,476.91,1,0,Rural,0,Multichannel,Buy One Get One,0,476.91,0.0,1907.64,0.0,1.0,0.0,1,0.0
3,122.72,1,0,Surburban,1,Phone,No Offer,0,122.72,0.0,368.16,0.0,1.0,0.0,0,0.0
12,29.99,1,0,Urban,0,Web,Discount,1,29.99,0.0,359.88,0.0,0.0,1.0,1,0.0
8,338.23,1,0,Surburban,0,Web,No Offer,0,338.23,0.0,2705.84,0.0,0.0,1.0,0,0.0
2,534.1,0,1,Urban,1,Multichannel,Buy One Get One,0,0.0,534.1,1068.2,1.0,0.0,0.0,1,0.0
1,79.25,0,1,Rural,1,Phone,Discount,0,0.0,79.25,79.25,1.0,0.0,0.0,1,0.0
6,36.16,0,1,Rural,0,Web,Buy One Get One,0,0.0,36.16,216.96,0.0,1.0,0.0,1,0.0
10,29.99,1,0,Surburban,1,Web,Buy One Get One,0,29.99,0.0,299.9,0.0,0.0,1.0,1,0.0
4,111.05,1,0,Urban,1,Web,Discount,0,111.05,0.0,444.2,0.0,1.0,0.0,1,0.0
3,351.5,1,0,Urban,0,Phone,No Offer,0,351.5,0.0,1054.5,0.0,1.0,0.0,0,0.0
11,379.61,1,0,Surburban,0,Web,Buy One Get One,1,379.61,0.0,4175.71,0.0,0.0,1.0,1,0.0
1,45.93,1,0,Urban,0,Phone,No Offer,0,45.93,0.0,45.93,1.0,0.0,0.0,0,0.0
4,239.28,1,0,Urban,1,Multichannel,No Offer,0,239.28,0.0,957.12,0.0,1.0,0.0,0,0.0
11,385.13,1,1,Surburban,1,Phone,No Offer,0,385.13,385.13,4236.43,0.0,0.0,1.0,0,0.0
10,65.42,1,0,Surburban,0,Phone,No Offer,0,65.42,0.0,654.2,0.0,0.0,1.0,0,0.0
3,74.75,1,0,Surburban,1,Phone,No Offer,0,74.75,0.0,224.25,0.0,1.0,0.0,0,0.0
12,245.92,0,1,Urban,1,Phone,Buy One Get One,0,0.0,245.92,2951.04,0.0,0.0,1.0,1,0.0
7,462.7,0,1,Surburban,1,Multichannel,No Offer,0,0.0,462.7,3238.9,0.0,1.0,0.0,0,0.0
7,422.44,1,0,Surburban,0,Web,Discount,0,422.44,0.0,2957.08,0.0,1.0,0.0,1,0.0
9,502.25,0,1,Rural,1,Web,Discount,0,0.0,502.25,4520.25,0.0,0.0,1.0,1,0.0
3,97.48,1,0,Surburban,1,Phone,Discount,0,97.48,0.0,292.44,0.0,1.0,0.0,1,0.0
5,596.5,0,1,Surburban,1,Web,Buy One Get One,0,0.0,596.5,2982.5,0.0,1.0,0.0,1,0.0
2,257.31,1,0,Urban,1,Web,No Offer,0,257.31,0.0,514.62,1.0,0.0,0.0,0,0.0
9,92.65,0,1,Surburban,0,Phone,Discount,0,0.0,92.65,833.85,0.0,0.0,1.0,1,0.0
5,469.05,0,1,Surburban,0,Phone,No Offer,0,0.0,469.05,2345.25,0.0,1.0,0.0,0,0.0
9,98.93,1,0,Surburban,0,Phone,No Offer,1,98.93,0.0,890.3700000000001,0.0,0.0,1.0,0,0.0
12,299.88,0,1,Surburban,1,Multichannel,Discount,0,0.0,299.88,3598.56,0.0,0.0,1.0,1,0.0
5,29.99,1,0,Urban,0,Web,No Offer,0,29.99,0.0,149.95,0.0,1.0,0.0,0,0.0
1,996.8,1,1,Urban,1,Web,Discount,0,996.8,996.8,996.8,1.0,0.0,0.0,1,0.0
10,59.27,0,1,Urban,1,Web,Buy One Get One,1,0.0,59.27,592.7,0.0,0.0,1.0,1,0.0
11,302.62,0,1,Urban,0,Multichannel,No Offer,0,0.0,302.62,3328.82,0.0,0.0,1.0,0,0.0
2,208.18,0,1,Surburban,0,Multichannel,No Offer,0,0.0,208.18,416.36,1.0,0.0,0.0,0,0.0
2,711.94,0,1,Urban,1,Phone,Buy One Get One,0,0.0,711.94,1423.88,1.0,0.0,0.0,1,0.0
8,29.99,1,0,Urban,0,Phone,Buy One Get One,0,29.99,0.0,239.92,0.0,0.0,1.0,1,0.0
10,187.76,1,0,Rural,0,Phone,No Offer,0,187.76,0.0,1877.6,0.0,0.0,1.0,0,0.0
4,31.36,1,0,Urban,0,Phone,Discount,0,31.36,0.0,125.44,0.0,1.0,0.0,1,0.0
1,231.56,0,1,Surburban,1,Phone,Buy One Get One,0,0.0,231.56,231.56,1.0,0.0,0.0,1,0.0
4,72.86,1,0,Urban,0,Phone,No Offer,0,72.86,0.0,291.44,0.0,1.0,0.0,0,0.0
4,741.29,1,1,Surburban,1,Phone,Discount,0,741.29,741.29,2965.16,0.0,1.0,0.0,1,0.0
10,58.69,0,1,Surburban,0,Phone,Discount,0,0.0,58.69,586.9,0.0,0.0,1.0,1,0.0
10,29.99,0,1,Urban,1,Phone,No Offer,0,0.0,29.99,299.9,0.0,0.0,1.0,0,0.0
7,199.06,1,0,Urban,1,Phone,No Offer,0,199.06,0.0,1393.42,0.0,1.0,0.0,0,0.0
6,174.75,1,0,Surburban,1,Web,Buy One Get One,0,174.75,0.0,1048.5,0.0,1.0,0.0,1,0.0
10,132.17,1,0,Surburban,0,Web,Discount,0,132.17,0.0,1321.6999999999998,0.0,0.0,1.0,1,0.0
1,29.99,1,0,Surburban,1,Web,Buy One Get One,1,29.99,0.0,29.99,1.0,0.0,0.0,1,0.0
2,267.68,0,1,Rural,0,Phone,No Offer,0,0.0,267.68,535.36,1.0,0.0,0.0,0,0.0
6,31.27,1,0,Urban,0,Web,No Offer,0,31.27,0.0,187.62,0.0,1.0,0.0,0,0.0
8,34.8,0,1,Surburban,1,Phone,Buy One Get One,0,0.0,34.8,278.4,0.0,0.0,1.0,1,0.0
1,49.62,1,0,Urban,1,Phone,No Offer,0,49.62,0.0,49.62,1.0,0.0,0.0,0,0.0
2,1361.68,1,0,Urban,1,Web,No Offer,0,1361.68,0.0,2723.36,1.0,0.0,0.0,0,0.0
2,91.44,0,1,Surburban,0,Phone,No Offer,1,0.0,91.44,182.88,1.0,0.0,0.0,0,0.0
8,247.67,0,1,Rural,1,Phone,No Offer,0,0.0,247.67,1981.36,0.0,0.0,1.0,0,0.0
7,164.14,1,0,Surburban,1,Phone,Discount,0,164.14,0.0,1148.98,0.0,1.0,0.0,1,0.0
11,100.21,1,0,Urban,0,Phone,Discount,0,100.21,0.0,1102.31,0.0,0.0,1.0,1,0.0
8,220.02,0,1,Urban,0,Web,Buy One Get One,0,0.0,220.02,1760.16,0.0,0.0,1.0,1,0.0
10,38.51,0,1,Surburban,0,Web,No Offer,0,0.0,38.51,385.1,0.0,0.0,1.0,0,0.0
2,326.24,1,0,Urban,0,Multichannel,No Offer,0,326.24,0.0,652.48,1.0,0.0,0.0,0,0.0
4,134.24,0,1,Urban,0,Web,Discount,1,0.0,134.24,536.96,0.0,1.0,0.0,1,0.0
7,152.1,1,0,Rural,0,Web,Discount,0,152.1,0.0,1064.7,0.0,1.0,0.0,1,0.0
3,86.4,1,0,Surburban,1,Phone,No Offer,0,86.4,0.0,259.20000000000005,0.0,1.0,0.0,0,0.0
9,395.1,0,1,Surburban,1,Multichannel,Buy One Get One,0,0.0,395.1,3555.9,0.0,0.0,1.0,1,0.0
2,117.51,1,0,Rural,1,Web,Buy One Get One,0,117.51,0.0,235.02,1.0,0.0,0.0,1,0.0
2,365.85,1,0,Surburban,0,Multichannel,Discount,0,365.85,0.0,731.7,1.0,0.0,0.0,1,0.0
9,66.27,0,1,Urban,0,Phone,Discount,0,0.0,66.27,596.43,0.0,0.0,1.0,1,0.0
6,162.53,1,0,Urban,1,Phone,Buy One Get One,0,162.53,0.0,975.18,0.0,1.0,0.0,1,0.0
1,152.64,0,1,Rural,1,Web,No Offer,0,0.0,152.64,152.64,1.0,0.0,0.0,0,0.0
9,248.09,1,0,Rural,0,Phone,No Offer,0,248.09,0.0,2232.81,0.0,0.0,1.0,0,0.0
1,148.7,0,1,Surburban,0,Web,Discount,0,0.0,148.7,148.7,1.0,0.0,0.0,1,0.0
3,144.35,0,1,Surburban,0,Web,Discount,1,0.0,144.35,433.0499999999999,0.0,1.0,0.0,1,0.0
6,91.12,0,1,Urban,1,Web,Buy One Get One,0,0.0,91.12,546.72,0.0,1.0,0.0,1,0.0
6,37.33,1,0,Surburban,1,Phone,Discount,0,37.33,0.0,223.98,0.0,1.0,0.0,1,0.0
2,29.99,1,0,Surburban,1,Phone,Discount,0,29.99,0.0,59.98,1.0,0.0,0.0,1,0.0
5,74.74,1,0,Urban,0,Phone,No Offer,1,74.74,0.0,373.7,0.0,1.0,0.0,0,0.0
9,31.63,0,1,Urban,1,Web,Buy One Get One,0,0.0,31.63,284.67,0.0,0.0,1.0,1,0.0
9,86.9,0,1,Surburban,1,Web,No Offer,0,0.0,86.9,782.1,0.0,0.0,1.0,0,0.0
8,102.25,0,1,Surburban,0,Web,Buy One Get One,1,0.0,102.25,818.0,0.0,0.0,1.0,1,0.0
10,68.19,1,0,Urban,0,Web,Discount,0,68.19,0.0,681.9,0.0,0.0,1.0,1,0.0
2,33.46,0,1,Surburban,0,Web,Discount,0,0.0,33.46,66.92,1.0,0.0,0.0,1,0.0
1,29.99,0,1,Urban,0,Web,No Offer,0,0.0,29.99,29.99,1.0,0.0,0.0,0,0.0
3,105.68,1,0,Urban,1,Phone,Buy One Get One,0,105.68,0.0,317.04,0.0,1.0,0.0,1,0.0
11,98.59,1,0,Urban,1,Web,Buy One Get One,0,98.59,0.0,1084.49,0.0,0.0,1.0,1,0.0
4,107.51,0,1,Urban,1,Web,Discount,1,0.0,107.51,430.04,0.0,1.0,0.0,1,0.0
3,212.28,1,0,Rural,0,Phone,Discount,0,212.28,0.0,636.84,0.0,1.0,0.0,1,0.0
2,255.71,0,1,Surburban,1,Web,Buy One Get One,0,0.0,255.71,511.42,1.0,0.0,0.0,1,0.0
5,128.79,0,1,Urban,1,Phone,Discount,0,0.0,128.79,643.9499999999999,0.0,1.0,0.0,1,0.0
7,117.65,0,1,Surburban,0,Phone,Discount,0,0.0,117.65,823.5500000000001,0.0,1.0,0.0,1,0.0
10,92.1,0,1,Urban,0,Phone,Discount,0,0.0,92.1,921.0,0.0,0.0,1.0,1,0.0
11,195.84,1,0,Surburban,1,Web,Discount,0,195.84,0.0,2154.24,0.0,0.0,1.0,1,0.0
2,308.39,1,0,Surburban,0,Phone,Buy One Get One,0,308.39,0.0,616.78,1.0,0.0,0.0,1,0.0
6,74.54,1,0,Surburban,1,Phone,No Offer,0,74.54,0.0,447.24,0.0,1.0,0.0,0,0.0
7,785.02,1,1,Surburban,1,Multichannel,No Offer,0,785.02,785.02,5495.139999999999,0.0,1.0,0.0,0,0.0
5,57.32,0,1,Urban,0,Phone,No Offer,0,0.0,57.32,286.6,0.0,1.0,0.0,0,0.0
9,69.93,1,0,Rural,0,Phone,Discount,0,69.93,0.0,629.3700000000001,0.0,0.0,1.0,1,0.0
8,175.94,0,1,Surburban,0,Web,Buy One Get One,0,0.0,175.94,1407.52,0.0,0.0,1.0,1,0.0
6,233.34,1,0,Surburban,0,Phone,Buy One Get One,0,233.34,0.0,1400.04,0.0,1.0,0.0,1,0.0
9,29.99,0,1,Urban,0,Phone,Discount,0,0.0,29.99,269.90999999999997,0.0,0.0,1.0,1,0.0
4,178.82,1,0,Rural,0,Phone,No Offer,0,178.82,0.0,715.28,0.0,1.0,0.0,0,0.0
2,329.09,1,0,Surburban,0,Web,Buy One Get One,0,329.09,0.0,658.18,1.0,0.0,0.0,1,0.0
1,366.12,1,0,Surburban,0,Web,Buy One Get One,0,366.12,0.0,366.12,1.0,0.0,0.0,1,0.0
5,249.76,1,1,Urban,1,Web,No Offer,0,249.76,249.76,1248.8,0.0,1.0,0.0,0,0.0
1,227.47,1,1,Urban,0,Phone,Buy One Get One,0,227.47,227.47,227.47,1.0,0.0,0.0,1,0.0
3,346.42,0,1,Surburban,0,Web,No Offer,0,0.0,346.42,1039.26,0.0,1.0,0.0,0,0.0
1,195.25,1,0,Surburban,1,Phone,No Offer,0,195.25,0.0,195.25,1.0,0.0,0.0,0,0.0
10,136.13,0,1,Surburban,1,Phone,No Offer,0,0.0,136.13,1361.3,0.0,0.0,1.0,0,0.0
3,242.96,1,1,Surburban,0,Multichannel,Buy One Get One,0,242.96,242.96,728.88,0.0,1.0,0.0,1,0.0
7,52.76,1,0,Surburban,0,Phone,Buy One Get One,0,52.76,0.0,369.32,0.0,1.0,0.0,1,0.0
6,386.62,0,1,Surburban,0,Multichannel,Discount,0,0.0,386.62,2319.7200000000003,0.0,1.0,0.0,1,0.0
2,412.39,0,1,Surburban,0,Phone,Buy One Get One,1,0.0,412.39,824.78,1.0,0.0,0.0,1,0.0
8,174.76,1,0,Urban,0,Phone,Buy One Get One,0,174.76,0.0,1398.08,0.0,0.0,1.0,1,0.0
8,78.03,1,0,Urban,1,Web,Buy One Get One,0,78.03,0.0,624.24,0.0,0.0,1.0,1,0.0
10,31.46,1,0,Urban,1,Phone,Discount,0,31.46,0.0,314.6,0.0,0.0,1.0,1,0.0
10,138.84,1,0,Urban,0,Web,No Offer,0,138.84,0.0,1388.4,0.0,0.0,1.0,0,0.0
4,152.45,1,0,Rural,0,Phone,No Offer,0,152.45,0.0,609.8,0.0,1.0,0.0,0,0.0
1,121.98,0,1,Urban,0,Web,Buy One Get One,0,0.0,121.98,121.98,1.0,0.0,0.0,1,0.0
1,378.83,0,1,Surburban,0,Phone,Buy One Get One,0,0.0,378.83,378.83,1.0,0.0,0.0,1,0.0
10,169.92,1,0,Rural,0,Phone,No Offer,0,169.92,0.0,1699.1999999999998,0.0,0.0,1.0,0,0.0
3,241.89,1,0,Urban,0,Web,Buy One Get One,0,241.89,0.0,725.67,0.0,1.0,0.0,1,0.0
1,230.13,1,1,Surburban,1,Web,Buy One Get One,0,230.13,230.13,230.13,1.0,0.0,0.0,1,0.0
3,1032.42,1,0,Urban,1,Multichannel,No Offer,0,1032.42,0.0,3097.26,0.0,1.0,0.0,0,0.0
11,35.29,0,1,Rural,0,Phone,Discount,0,0.0,35.29,388.19,0.0,0.0,1.0,1,0.0
11,491.78,0,1,Urban,0,Phone,Buy One Get One,0,0.0,491.78,5409.58,0.0,0.0,1.0,1,0.0
2,270.77,0,1,Surburban,0,Web,No Offer,0,0.0,270.77,541.54,1.0,0.0,0.0,0,0.0
5,215.99,1,1,Surburban,1,Multichannel,Discount,0,215.99,215.99,1079.95,0.0,1.0,0.0,1,0.0
1,216.13,0,1,Urban,0,Phone,Buy One Get One,0,0.0,216.13,216.13,1.0,0.0,0.0,1,0.0
1,519.43,1,0,Surburban,1,Web,Discount,0,519.43,0.0,519.43,1.0,0.0,0.0,1,0.0
10,308.59,0,1,Surburban,0,Multichannel,Buy One Get One,0,0.0,308.59,3085.8999999999996,0.0,0.0,1.0,1,0.0
1,388.61,0,1,Urban,0,Multichannel,Buy One Get One,1,0.0,388.61,388.61,1.0,0.0,0.0,1,0.0
5,643.33,1,0,Urban,1,Phone,Discount,0,643.33,0.0,3216.65,0.0,1.0,0.0,1,0.0
1,460.84,1,1,Surburban,0,Phone,Discount,1,460.84,460.84,460.84,1.0,0.0,0.0,1,0.0
1,235.1,1,1,Rural,0,Web,Discount,0,235.1,235.1,235.1,1.0,0.0,0.0,1,0.0
8,264.14,1,1,Surburban,1,Multichannel,Buy One Get One,0,264.14,264.14,2113.12,0.0,0.0,1.0,1,0.0
9,215.05,0,1,Urban,0,Phone,Buy One Get One,0,0.0,215.05,1935.45,0.0,0.0,1.0,1,0.0
12,50.89,1,0,Rural,1,Phone,Discount,0,50.89,0.0,610.6800000000001,0.0,0.0,1.0,1,0.0
8,380.12,0,1,Urban,0,Phone,Discount,1,0.0,380.12,3040.96,0.0,0.0,1.0,1,0.0
5,376.53,0,1,Urban,1,Web,Buy One Get One,0,0.0,376.53,1882.65,0.0,1.0,0.0,1,0.0
7,434.45,0,1,Urban,0,Multichannel,No Offer,0,0.0,434.45,3041.15,0.0,1.0,0.0,0,0.0
2,29.99,0,1,Surburban,1,Web,No Offer,0,0.0,29.99,59.98,1.0,0.0,0.0,0,0.0
4,238.28,1,1,Urban,1,Phone,No Offer,0,238.28,238.28,953.12,0.0,1.0,0.0,0,0.0
1,982.77,1,1,Surburban,1,Web,Discount,0,982.77,982.77,982.77,1.0,0.0,0.0,1,0.0
11,60.23,0,1,Surburban,0,Phone,Discount,0,0.0,60.23,662.53,0.0,0.0,1.0,1,0.0
2,264.79,0,1,Urban,0,Multichannel,No Offer,0,0.0,264.79,529.58,1.0,0.0,0.0,0,0.0
10,39.96,0,1,Surburban,1,Web,Discount,0,0.0,39.96,399.6,0.0,0.0,1.0,1,0.0
10,102.4,1,0,Surburban,1,Phone,Buy One Get One,0,102.4,0.0,1024.0,0.0,0.0,1.0,1,0.0
2,565.12,1,0,Surburban,1,Multichannel,Buy One Get One,1,565.12,0.0,1130.24,1.0,0.0,0.0,1,0.0
2,483.36,0,1,Surburban,0,Multichannel,Discount,0,0.0,483.36,966.72,1.0,0.0,0.0,1,0.0
6,53.86,1,0,Urban,0,Web,Discount,0,53.86,0.0,323.15999999999997,0.0,1.0,0.0,1,0.0
10,261.97,0,1,Urban,1,Web,Buy One Get One,0,0.0,261.97,2619.7000000000003,0.0,0.0,1.0,1,0.0
4,111.26,0,1,Urban,1,Phone,Buy One Get One,0,0.0,111.26,445.04,0.0,1.0,0.0,1,0.0
12,29.99,1,0,Surburban,0,Web,No Offer,0,29.99,0.0,359.88,0.0,0.0,1.0,0,0.0
6,123.59,0,1,Urban,0,Web,No Offer,0,0.0,123.59,741.54,0.0,1.0,0.0,0,0.0
4,379.86,1,1,Rural,0,Multichannel,No Offer,0,379.86,379.86,1519.44,0.0,1.0,0.0,0,0.0
11,59.33,0,1,Urban,1,Phone,Discount,0,0.0,59.33,652.63,0.0,0.0,1.0,1,0.0
7,372.58,0,1,Surburban,1,Multichannel,No Offer,0,0.0,372.58,2608.06,0.0,1.0,0.0,0,0.0
6,580.93,1,0,Surburban,1,Multichannel,Buy One Get One,0,580.93,0.0,3485.58,0.0,1.0,0.0,1,0.0
9,277.46,1,0,Surburban,0,Phone,Buy One Get One,0,277.46,0.0,2497.14,0.0,0.0,1.0,1,0.0
2,87.38,1,0,Urban,0,Web,No Offer,1,87.38,0.0,174.76,1.0,0.0,0.0,0,0.0
2,377.5,1,0,Urban,0,Web,No Offer,1,377.5,0.0,755.0,1.0,0.0,0.0,0,0.0
4,44.55,0,1,Urban,1,Phone,No Offer,0,0.0,44.55,178.2,0.0,1.0,0.0,0,0.0
10,399.28,1,0,Urban,0,Web,No Offer,0,399.28,0.0,3992.8,0.0,0.0,1.0,0,0.0
9,127.34,1,0,Rural,0,Web,Buy One Get One,0,127.34,0.0,1146.06,0.0,0.0,1.0,1,0.0
3,334.23,0,1,Urban,0,Phone,Buy One Get One,1,0.0,334.23,1002.69,0.0,1.0,0.0,1,0.0
2,29.99,1,0,Surburban,0,Phone,Discount,0,29.99,0.0,59.98,1.0,0.0,0.0,1,0.0
9,85.35,0,1,Urban,0,Phone,Buy One Get One,1,0.0,85.35,768.15,0.0,0.0,1.0,1,0.0
9,286.35,1,1,Surburban,1,Phone,Buy One Get One,0,286.35,286.35,2577.15,0.0,0.0,1.0,1,0.0
6,104.27,0,1,Rural,0,Web,Discount,0,0.0,104.27,625.62,0.0,1.0,0.0,1,0.0
3,192.76,1,0,Surburban,1,Phone,No Offer,0,192.76,0.0,578.28,0.0,1.0,0.0,0,0.0
9,287.25,1,1,Surburban,0,Web,Buy One Get One,1,287.25,287.25,2585.25,0.0,0.0,1.0,1,0.0
4,29.99,1,0,Urban,1,Web,No Offer,0,29.99,0.0,119.96,0.0,1.0,0.0,0,0.0
9,281.46,0,1,Surburban,0,Web,Buy One Get One,0,0.0,281.46,2533.14,0.0,0.0,1.0,1,0.0
9,29.99,1,0,Urban,1,Phone,Discount,0,29.99,0.0,269.90999999999997,0.0,0.0,1.0,1,0.0
1,364.86,1,0,Surburban,1,Web,Discount,0,364.86,0.0,364.86,1.0,0.0,0.0,1,0.0
1,424.03,1,0,Urban,0,Web,Buy One Get One,0,424.03,0.0,424.03,1.0,0.0,0.0,1,0.0
1,194.64,0,1,Urban,0,Phone,No Offer,0,0.0,194.64,194.64,1.0,0.0,0.0,0,0.0
8,195.16,0,1,Urban,1,Phone,No Offer,0,0.0,195.16,1561.28,0.0,0.0,1.0,0,0.0
12,309.61,1,0,Urban,1,Multichannel,Discount,0,309.61,0.0,3715.32,0.0,0.0,1.0,1,0.0
3,210.58,1,0,Surburban,1,Phone,Buy One Get One,0,210.58,0.0,631.74,0.0,1.0,0.0,1,0.0
4,74.34,0,1,Surburban,1,Web,No Offer,0,0.0,74.34,297.36,0.0,1.0,0.0,0,0.0
2,55.78,1,0,Surburban,0,Phone,Discount,0,55.78,0.0,111.56,1.0,0.0,0.0,1,0.0
10,34.97,1,0,Rural,1,Web,No Offer,0,34.97,0.0,349.7,0.0,0.0,1.0,0,0.0
10,29.99,1,0,Surburban,0,Phone,Buy One Get One,0,29.99,0.0,299.9,0.0,0.0,1.0,1,0.0
7,465.72,1,0,Surburban,0,Web,Discount,0,465.72,0.0,3260.04,0.0,1.0,0.0,1,0.0
9,49.46,1,0,Rural,0,Web,Discount,0,49.46,0.0,445.14,0.0,0.0,1.0,1,0.0
1,742.96,1,1,Urban,1,Multichannel,Buy One Get One,0,742.96,742.96,742.96,1.0,0.0,0.0,1,0.0
6,147.56,1,0,Rural,1,Phone,Discount,0,147.56,0.0,885.36,0.0,1.0,0.0,1,0.0
1,415.94,0,1,Rural,0,Multichannel,No Offer,0,0.0,415.94,415.94,1.0,0.0,0.0,0,0.0
1,98.24,0,1,Surburban,0,Phone,No Offer,0,0.0,98.24,98.24,1.0,0.0,0.0,0,0.0
11,87.12,0,1,Surburban,0,Web,Buy One Get One,0,0.0,87.12,958.32,0.0,0.0,1.0,1,0.0
5,400.59,0,1,Urban,0,Web,No Offer,0,0.0,400.59,2002.95,0.0,1.0,0.0,0,0.0
2,246.67,0,1,Urban,0,Multichannel,Buy One Get One,0,0.0,246.67,493.34,1.0,0.0,0.0,1,0.0
1,254.4,1,0,Surburban,0,Phone,Discount,0,254.4,0.0,254.4,1.0,0.0,0.0,1,0.0
3,29.99,0,1,Surburban,1,Phone,No Offer,0,0.0,29.99,89.97,0.0,1.0,0.0,0,0.0
1,741.15,0,1,Surburban,1,Multichannel,Discount,0,0.0,741.15,741.15,1.0,0.0,0.0,1,0.0
12,91.67,1,0,Surburban,1,Phone,Buy One Get One,0,91.67,0.0,1100.04,0.0,0.0,1.0,1,0.0
11,89.36,0,1,Urban,1,Web,Buy One Get One,0,0.0,89.36,982.96,0.0,0.0,1.0,1,0.0
4,845.84,1,1,Surburban,1,Web,No Offer,0,845.84,845.84,3383.36,0.0,1.0,0.0,0,0.0
1,889.95,1,1,Urban,1,Phone,Buy One Get One,0,889.95,889.95,889.95,1.0,0.0,0.0,1,0.0
6,491.93,0,1,Urban,1,Multichannel,Buy One Get One,0,0.0,491.93,2951.58,0.0,1.0,0.0,1,0.0
4,79.67,1,0,Urban,1,Phone,Buy One Get One,0,79.67,0.0,318.68,0.0,1.0,0.0,1,0.0
3,382.64,1,0,Surburban,0,Phone,No Offer,1,382.64,0.0,1147.92,0.0,1.0,0.0,0,0.0
12,558.46,0,1,Urban,1,Phone,No Offer,0,0.0,558.46,6701.52,0.0,0.0,1.0,0,0.0
9,67.42,1,0,Urban,0,Phone,Discount,1,67.42,0.0,606.78,0.0,0.0,1.0,1,0.0
3,190.41,0,1,Urban,1,Web,Buy One Get One,0,0.0,190.41,571.23,0.0,1.0,0.0,1,0.0
1,423.71,0,1,Surburban,0,Multichannel,Discount,1,0.0,423.71,423.71,1.0,0.0,0.0,1,0.0
10,369.69,0,1,Urban,1,Multichannel,No Offer,0,0.0,369.69,3696.9,0.0,0.0,1.0,0,0.0
1,134.42,0,1,Urban,0,Web,No Offer,0,0.0,134.42,134.42,1.0,0.0,0.0,0,0.0
5,29.99,1,0,Surburban,0,Phone,Buy One Get One,1,29.99,0.0,149.95,0.0,1.0,0.0,1,0.0
1,254.9,1,0,Urban,0,Web,No Offer,1,254.9,0.0,254.9,1.0,0.0,0.0,0,0.0
10,91.97,1,0,Urban,0,Web,Buy One Get One,0,91.97,0.0,919.7,0.0,0.0,1.0,1,0.0
7,160.18,1,0,Surburban,0,Web,No Offer,0,160.18,0.0,1121.26,0.0,1.0,0.0,0,0.0
8,109.88,1,0,Surburban,1,Web,Buy One Get One,0,109.88,0.0,879.04,0.0,0.0,1.0,1,0.0
2,40.64,0,1,Surburban,0,Phone,Buy One Get One,1,0.0,40.64,81.28,1.0,0.0,0.0,1,0.0
9,862.47,0,1,Surburban,1,Web,Buy One Get One,0,0.0,862.47,7762.23,0.0,0.0,1.0,1,0.0
1,244.38,1,1,Urban,0,Phone,Buy One Get One,1,244.38,244.38,244.38,1.0,0.0,0.0,1,0.0
4,41.64,0,1,Surburban,0,Phone,Discount,0,0.0,41.64,166.56,0.0,1.0,0.0,1,0.0
11,277.08,1,1,Rural,0,Multichannel,Buy One Get One,0,277.08,277.08,3047.8799999999997,0.0,0.0,1.0,1,0.0
8,495.49,1,1,Surburban,0,Phone,Discount,0,495.49,495.49,3963.92,0.0,0.0,1.0,1,0.0
5,313.37,1,1,Urban,0,Web,Discount,0,313.37,313.37,1566.85,0.0,1.0,0.0,1,0.0
6,348.66,0,1,Surburban,1,Phone,Buy One Get One,0,0.0,348.66,2091.96,0.0,1.0,0.0,1,0.0
12,260.84,1,0,Surburban,1,Multichannel,Buy One Get One,0,260.84,0.0,3130.08,0.0,0.0,1.0,1,0.0
3,159.54,0,1,Surburban,0,Phone,Buy One Get One,0,0.0,159.54,478.62,0.0,1.0,0.0,1,0.0
7,214.73,0,1,Surburban,0,Multichannel,No Offer,0,0.0,214.73,1503.11,0.0,1.0,0.0,0,0.0
12,671.32,1,1,Surburban,1,Web,No Offer,0,671.32,671.32,8055.84,0.0,0.0,1.0,0,0.0
8,147.42,1,0,Surburban,1,Phone,Discount,0,147.42,0.0,1179.36,0.0,0.0,1.0,1,0.0
4,50.23,1,0,Surburban,1,Web,Buy One Get One,0,50.23,0.0,200.92,0.0,1.0,0.0,1,0.0
11,29.99,0,1,Surburban,1,Phone,Buy One Get One,0,0.0,29.99,329.89,0.0,0.0,1.0,1,0.0
4,633.03,1,0,Rural,1,Multichannel,Buy One Get One,0,633.03,0.0,2532.12,0.0,1.0,0.0,1,0.0
1,500.36,0,1,Surburban,1,Web,Discount,0,0.0,500.36,500.36,1.0,0.0,0.0,1,0.0
4,252.78,0,1,Urban,0,Web,No Offer,0,0.0,252.78,1011.12,0.0,1.0,0.0,0,0.0
6,605.24,0,1,Urban,1,Phone,No Offer,0,0.0,605.24,3631.44,0.0,1.0,0.0,0,0.0
8,60.75,0,1,Surburban,0,Web,Buy One Get One,0,0.0,60.75,486.0,0.0,0.0,1.0,1,0.0
10,52.62,1,0,Urban,1,Phone,Discount,0,52.62,0.0,526.1999999999999,0.0,0.0,1.0,1,0.0
2,194.7,0,1,Surburban,0,Phone,Buy One Get One,0,0.0,194.7,389.4,1.0,0.0,0.0,1,0.0
10,298.78,1,1,Surburban,0,Web,Discount,0,298.78,298.78,2987.7999999999997,0.0,0.0,1.0,1,0.0
4,383.9,0,1,Surburban,0,Web,Buy One Get One,0,0.0,383.9,1535.6,0.0,1.0,0.0,1,0.0
6,319.48,1,1,Urban,1,Multichannel,Discount,0,319.48,319.48,1916.88,0.0,1.0,0.0,1,0.0
3,250.44,1,0,Urban,0,Phone,Discount,0,250.44,0.0,751.3199999999999,0.0,1.0,0.0,1,0.0
1,789.45,1,1,Urban,1,Multichannel,Buy One Get One,0,789.45,789.45,789.45,1.0,0.0,0.0,1,0.0
1,496.89,0,1,Urban,1,Phone,Discount,0,0.0,496.89,496.89,1.0,0.0,0.0,1,0.0
10,29.99,1,0,Rural,0,Web,Buy One Get One,0,29.99,0.0,299.9,0.0,0.0,1.0,1,0.0
3,144.35,0,1,Surburban,0,Web,No Offer,0,0.0,144.35,433.0499999999999,0.0,1.0,0.0,0,0.0
6,31.88,1,0,Rural,1,Web,Buy One Get One,1,31.88,0.0,191.28,0.0,1.0,0.0,1,0.0
6,29.99,0,1,Surburban,0,Web,No Offer,0,0.0,29.99,179.94,0.0,1.0,0.0,0,0.0
2,853.89,0,1,Urban,1,Multichannel,Discount,0,0.0,853.89,1707.78,1.0,0.0,0.0,1,0.0
11,163.34,1,0,Surburban,1,Phone,No Offer,0,163.34,0.0,1796.74,0.0,0.0,1.0,0,0.0
6,29.99,1,0,Urban,0,Web,Discount,0,29.99,0.0,179.94,0.0,1.0,0.0,1,0.0
6,122.88,1,0,Urban,1,Web,Buy One Get One,0,122.88,0.0,737.28,0.0,1.0,0.0,1,0.0
10,153.95,1,0,Surburban,0,Phone,Discount,0,153.95,0.0,1539.5,0.0,0.0,1.0,1,0.0
5,128.17,0,1,Urban,1,Web,Buy One Get One,0,0.0,128.17,640.8499999999999,0.0,1.0,0.0,1,0.0
2,127.41,0,1,Surburban,1,Phone,Discount,1,0.0,127.41,254.82,1.0,0.0,0.0,1,0.0
10,210.59,1,0,Urban,1,Phone,No Offer,0,210.59,0.0,2105.9,0.0,0.0,1.0,0,0.0
2,440.09,0,1,Urban,0,Phone,No Offer,0,0.0,440.09,880.18,1.0,0.0,0.0,0,0.0
12,88.36,0,1,Urban,0,Phone,Buy One Get One,1,0.0,88.36,1060.32,0.0,0.0,1.0,1,0.0
6,109.7,1,0,Surburban,1,Web,No Offer,0,109.7,0.0,658.2,0.0,1.0,0.0,0,0.0
8,399.58,0,1,Surburban,0,Phone,Discount,0,0.0,399.58,3196.64,0.0,0.0,1.0,1,0.0
5,29.99,0,1,Surburban,1,Phone,Discount,0,0.0,29.99,149.95,0.0,1.0,0.0,1,0.0
9,35.4,0,1,Surburban,1,Web,No Offer,0,0.0,35.4,318.59999999999997,0.0,0.0,1.0,0,0.0
2,243.19,1,0,Surburban,1,Web,No Offer,0,243.19,0.0,486.38,1.0,0.0,0.0,0,0.0
2,73.6,0,1,Surburban,1,Web,No Offer,0,0.0,73.6,147.2,1.0,0.0,0.0,0,0.0
7,83.27,1,0,Urban,0,Phone,No Offer,0,83.27,0.0,582.89,0.0,1.0,0.0,0,0.0
9,220.93,0,1,Urban,0,Web,Buy One Get One,0,0.0,220.93,1988.37,0.0,0.0,1.0,1,0.0
10,29.99,0,1,Surburban,0,Web,Discount,0,0.0,29.99,299.9,0.0,0.0,1.0,1,0.0
3,381.74,1,1,Surburban,0,Web,No Offer,0,381.74,381.74,1145.22,0.0,1.0,0.0,0,0.0
8,29.99,0,1,Surburban,0,Web,Discount,0,0.0,29.99,239.92,0.0,0.0,1.0,1,0.0
1,232.65,1,0,Surburban,1,Web,Buy One Get One,0,232.65,0.0,232.65,1.0,0.0,0.0,1,0.0
9,29.99,0,1,Urban,0,Web,Discount,1,0.0,29.99,269.90999999999997,0.0,0.0,1.0,1,0.0
1,33.63,0,1,Surburban,0,Web,Discount,0,0.0,33.63,33.63,1.0,0.0,0.0,1,0.0
4,137.34,0,1,Urban,1,Web,Discount,1,0.0,137.34,549.36,0.0,1.0,0.0,1,0.0
7,124.95,0,1,Urban,0,Phone,No Offer,0,0.0,124.95,874.65,0.0,1.0,0.0,0,0.0
10,238.97,0,1,Urban,0,Multichannel,No Offer,0,0.0,238.97,2389.7,0.0,0.0,1.0,0,0.0
5,418.07,1,0,Surburban,0,Multichannel,Buy One Get One,0,418.07,0.0,2090.35,0.0,1.0,0.0,1,0.0
2,242.13,1,0,Rural,0,Phone,Discount,1,242.13,0.0,484.26,1.0,0.0,0.0,1,0.0
5,150.02,0,1,Rural,0,Phone,Discount,0,0.0,150.02,750.1,0.0,1.0,0.0,1,0.0
11,574.68,0,1,Urban,1,Phone,No Offer,0,0.0,574.68,6321.48,0.0,0.0,1.0,0,0.0
11,597.7,0,1,Surburban,1,Multichannel,Buy One Get One,0,0.0,597.7,6574.700000000001,0.0,0.0,1.0,1,0.0
6,491.18,0,1,Urban,1,Multichannel,Discount,1,0.0,491.18,2947.08,0.0,1.0,0.0,1,0.0
12,381.88,1,0,Surburban,0,Phone,Buy One Get One,0,381.88,0.0,4582.5599999999995,0.0,0.0,1.0,1,0.0
4,29.99,0,1,Urban,0,Web,Discount,0,0.0,29.99,119.96,0.0,1.0,0.0,1,0.0
11,195.35,1,0,Surburban,1,Phone,Discount,0,195.35,0.0,2148.85,0.0,0.0,1.0,1,0.0
12,158.02,0,1,Rural,0,Phone,Buy One Get One,0,0.0,158.02,1896.24,0.0,0.0,1.0,1,0.0
9,235.97,0,1,Surburban,1,Phone,Discount,0,0.0,235.97,2123.73,0.0,0.0,1.0,1,0.0
10,323.63,0,1,Urban,0,Web,Discount,0,0.0,323.63,3236.3,0.0,0.0,1.0,1,0.0
10,29.99,0,1,Urban,0,Phone,Buy One Get One,1,0.0,29.99,299.9,0.0,0.0,1.0,1,0.0
2,492.86,0,1,Surburban,0,Multichannel,Discount,0,0.0,492.86,985.72,1.0,0.0,0.0,1,0.0
2,102.48,1,0,Urban,0,Phone,No Offer,0,102.48,0.0,204.96,1.0,0.0,0.0,0,0.0
2,236.67,0,1,Urban,0,Phone,Discount,0,0.0,236.67,473.34,1.0,0.0,0.0,1,0.0
1,78.18,1,0,Surburban,1,Web,Discount,0,78.18,0.0,78.18,1.0,0.0,0.0,1,0.0
2,439.98,0,1,Urban,1,Multichannel,Buy One Get One,0,0.0,439.98,879.96,1.0,0.0,0.0,1,0.0
6,42.25,0,1,Urban,0,Web,Buy One Get One,0,0.0,42.25,253.5,0.0,1.0,0.0,1,0.0
3,693.65,1,1,Urban,1,Web,Buy One Get One,0,693.65,693.65,2080.95,0.0,1.0,0.0,1,0.0
2,484.18,1,1,Surburban,1,Web,Buy One Get One,0,484.18,484.18,968.36,1.0,0.0,0.0,1,0.0
8,39.67,0,1,Surburban,1,Web,Buy One Get One,0,0.0,39.67,317.36,0.0,0.0,1.0,1,0.0
5,374.5,1,0,Surburban,0,Phone,Discount,0,374.5,0.0,1872.5,0.0,1.0,0.0,1,0.0
1,1229.45,1,1,Surburban,1,Phone,Discount,1,1229.45,1229.45,1229.45,1.0,0.0,0.0,1,0.0
5,181.8,1,0,Surburban,0,Web,Buy One Get One,0,181.8,0.0,909.0,0.0,1.0,0.0,1,0.0
7,157.66,0,1,Surburban,0,Web,Buy One Get One,1,0.0,157.66,1103.62,0.0,1.0,0.0,1,0.0
3,167.58,1,0,Urban,0,Web,Buy One Get One,0,167.58,0.0,502.74,0.0,1.0,0.0,1,0.0
1,127.05,1,0,Urban,0,Web,No Offer,0,127.05,0.0,127.05,1.0,0.0,0.0,0,0.0
11,317.7,1,0,Urban,0,Phone,Discount,0,317.7,0.0,3494.7,0.0,0.0,1.0,1,0.0
12,59.11,0,1,Urban,0,Web,Buy One Get One,0,0.0,59.11,709.3199999999999,0.0,0.0,1.0,1,0.0
4,444.04,0,1,Surburban,0,Web,No Offer,0,0.0,444.04,1776.16,0.0,1.0,0.0,0,0.0
2,820.34,1,1,Surburban,1,Web,Buy One Get One,1,820.34,820.34,1640.68,1.0,0.0,0.0,1,0.0
7,29.99,1,0,Surburban,1,Web,Buy One Get One,0,29.99,0.0,209.93,0.0,1.0,0.0,1,0.0
11,34.46,0,1,Urban,1,Web,Buy One Get One,1,0.0,34.46,379.06,0.0,0.0,1.0,1,0.0
11,71.49,1,0,Urban,0,Web,Buy One Get One,0,71.49,0.0,786.39,0.0,0.0,1.0,1,0.0
12,128.95,0,1,Urban,0,Web,No Offer,0,0.0,128.95,1547.4,0.0,0.0,1.0,0,0.0
10,29.99,1,0,Surburban,1,Phone,Buy One Get One,0,29.99,0.0,299.9,0.0,0.0,1.0,1,0.0
12,143.22,0,1,Rural,0,Web,No Offer,1,0.0,143.22,1718.64,0.0,0.0,1.0,0,0.0
4,56.78,0,1,Urban,1,Web,No Offer,0,0.0,56.78,227.12,0.0,1.0,0.0,0,0.0
11,214.32,1,0,Surburban,1,Web,Buy One Get One,0,214.32,0.0,2357.52,0.0,0.0,1.0,1,0.0
5,118.12,1,0,Urban,1,Phone,Buy One Get One,0,118.12,0.0,590.6,0.0,1.0,0.0,1,0.0
6,29.99,0,1,Surburban,0,Phone,Discount,0,0.0,29.99,179.94,0.0,1.0,0.0,1,0.0
11,264.46,1,0,Urban,0,Web,Buy One Get One,0,264.46,0.0,2909.06,0.0,0.0,1.0,1,0.0
3,474.77,0,1,Surburban,1,Multichannel,Buy One Get One,1,0.0,474.77,1424.31,0.0,1.0,0.0,1,0.0
9,174.77,0,1,Urban,1,Phone,Discount,0,0.0,174.77,1572.93,0.0,0.0,1.0,1,0.0
12,60.15,0,1,Rural,0,Web,No Offer,0,0.0,60.15,721.8,0.0,0.0,1.0,0,0.0
3,80.44,0,1,Surburban,1,Web,No Offer,0,0.0,80.44,241.32,0.0,1.0,0.0,0,0.0
9,29.99,0,1,Surburban,0,Phone,Buy One Get One,0,0.0,29.99,269.90999999999997,0.0,0.0,1.0,1,0.0
5,734.79,0,1,Surburban,1,Web,Discount,0,0.0,734.79,3673.95,0.0,1.0,0.0,1,0.0
2,119.31,0,1,Urban,1,Phone,No Offer,0,0.0,119.31,238.62,1.0,0.0,0.0,0,0.0
6,392.14,0,1,Surburban,0,Phone,Buy One Get One,0,0.0,392.14,2352.84,0.0,1.0,0.0,1,0.0
3,37.04,0,1,Surburban,1,Phone,Discount,0,0.0,37.04,111.12,0.0,1.0,0.0,1,0.0
1,1075.99,0,1,Surburban,1,Phone,Discount,1,0.0,1075.99,1075.99,1.0,0.0,0.0,1,0.0
12,280.68,1,0,Rural,1,Multichannel,No Offer,0,280.68,0.0,3368.16,0.0,0.0,1.0,0,0.0
2,95.69,0,1,Surburban,1,Phone,No Offer,0,0.0,95.69,191.38,1.0,0.0,0.0,0,0.0
2,180.41,1,0,Urban,0,Phone,Buy One Get One,0,180.41,0.0,360.82,1.0,0.0,0.0,1,0.0
9,352.65,1,0,Surburban,0,Web,No Offer,1,352.65,0.0,3173.85,0.0,0.0,1.0,0,0.0
1,706.42,1,0,Surburban,1,Phone,Buy One Get One,0,706.42,0.0,706.42,1.0,0.0,0.0,1,0.0
9,82.53,0,1,Surburban,1,Phone,Discount,0,0.0,82.53,742.77,0.0,0.0,1.0,1,0.0
8,29.99,1,0,Urban,0,Phone,Discount,0,29.99,0.0,239.92,0.0,0.0,1.0,1,0.0
2,29.99,0,1,Surburban,0,Web,Discount,0,0.0,29.99,59.98,1.0,0.0,0.0,1,0.0
1,110.05,0,1,Surburban,1,Web,No Offer,0,0.0,110.05,110.05,1.0,0.0,0.0,0,0.0
9,165.97,1,0,Urban,0,Phone,Buy One Get One,0,165.97,0.0,1493.73,0.0,0.0,1.0,1,0.0
6,29.99,0,1,Urban,0,Web,Discount,1,0.0,29.99,179.94,0.0,1.0,0.0,1,0.0
10,407.85,1,0,Surburban,0,Phone,Discount,0,407.85,0.0,4078.5,0.0,0.0,1.0,1,0.0
1,33.58,1,0,Surburban,1,Phone,No Offer,1,33.58,0.0,33.58,1.0,0.0,0.0,0,0.0
10,36.23,1,0,Surburban,0,Phone,Buy One Get One,0,36.23,0.0,362.2999999999999,0.0,0.0,1.0,1,0.0
1,66.62,0,1,Rural,1,Phone,Buy One Get One,0,0.0,66.62,66.62,1.0,0.0,0.0,1,0.0
10,51.73,1,0,Rural,0,Phone,Discount,1,51.73,0.0,517.3,0.0,0.0,1.0,1,0.0
3,29.99,1,0,Surburban,1,Web,Buy One Get One,0,29.99,0.0,89.97,0.0,1.0,0.0,1,0.0
2,242.51,1,0,Urban,1,Web,Discount,0,242.51,0.0,485.02,1.0,0.0,0.0,1,0.0
6,29.99,1,0,Rural,1,Web,Buy One Get One,0,29.99,0.0,179.94,0.0,1.0,0.0,1,0.0
5,231.07,0,1,Surburban,1,Web,No Offer,0,0.0,231.07,1155.35,0.0,1.0,0.0,0,0.0
